OBJECTID,ID,ADDRESS,TERMINAL_NUMBER,LATITUDE,LONGITUDE,INSTALLED,LOCKED,INSTALL_DATE,REMOVAL_DATE,TEMPORARY_INSTALL,NUMBER_OF_BIKES,NUMBER_OF_EMPTY_DOCKS,X,Y,SE_ANNO_CAD_DATA
134704909,1,Eads St & 15th St S,31000,38.858971,-77.05323,YES,NO,,,NO,10,4,395379.96861159,132352.11690319,
134704910,2,18th & Eads St.,31001,38.85725,-77.05332,YES,NO,,,NO,4,7,395372.04558977,132161.07808121,
134704911,3,20th & Crystal Dr,31002,38.856425,-77.049232,YES,NO,,,NO,8,9,395726.81757513,132069.29786306,
134704912,4,15th & Crystal Dr,31003,38.86017,-77.049593,YES,NO,,,NO,2,9,395695.7097594,132485.03678691,
134704913,5,Aurora Hills Community Ctr/18th & Hayes St,31004,38.857866,-77.05949,YES,NO,,,NO,7,4,394836.55986472,132229.789395,
134704914,6,Pentagon City Metro / 12th & S Hayes St,31005,38.862303,-77.059936,YES,NO,,,NO,8,11,394798.17263784,132722.3537753,
134704915,7,S Joyce & Army Navy Dr,31006,38.8637,-77.0633,YES,NO,,,NO,8,7,394506.31966949,132877.62800884,
134704916,8,Crystal City Metro / 18th & Bell St,31007,38.857405,-77.051132,YES,NO,,,NO,7,12,395561.96451388,132178.17554745,
134704917,9,12th & Army Navy Dr,31008,38.8629,-77.0528,YES,NO,,,NO,5,6,395417.54218218,132788.24270087,
134704918,10,27th & Crystal Dr,31009,38.848441,-77.051516,YES,NO,,,NO,7,12,395528.07344805,131183.1266423,
134704919,11,S Glebe & Potomac Ave,31010,38.8426,-77.0502,YES,NO,,,NO,7,4,395641.95431057,130534.67130912,
134704920,12,23rd & Crystal Dr,31011,38.8533,-77.0498,YES,NO,,,NO,8,9,395677.32772972,131722.42730273,
134704921,13,26th & S Clark St,31012,38.850688,-77.05152,YES,NO,,,NO,5,6,395527.86699294,131432.55965392,
134704922,14,19th St & Pennsylvania Ave NW,31100,38.9003,-77.0429,YES,NO,,,NO,14,0,396278.70399052,136939.47827919,
134704923,15,14th & V St NW,31101,38.9176,-77.0321,YES,NO,,,NO,10,16,397216.20899969,138859.53510936,
134704924,16,11th & Kenyon St NW,31102,38.929464,-77.027822,YES,NO,,,NO,5,22,397587.60905935,140176.41805133,
134704925,17,16th & Harvard St NW,31103,38.926088,-77.036536,YES,NO,,,NO,8,24,396831.8852902,139801.91944918,
134704926,18,Adams Mill & Columbia Rd NW,31104,38.922925,-77.042581,YES,NO,,,NO,4,10,396307.54666751,139451.02670294,
134704927,19,14th & Harvard St NW,31105,38.9268,-77.0322,YES,NO,,,NO,11,8,397207.89698712,139880.81598519,
134704928,20,Calvert & Biltmore St NW,31106,38.923203,-77.047637,YES,NO,,,NO,1,22,395869.12679181,139482.10370448,
134704929,21,Lamont & Mt Pleasant NW,31107,38.9319,-77.0388,YES,NO,,,NO,5,14,396635.84323825,140447.18241804,
134704930,22,4th & M St SW,31108,38.8767,-77.0178,YES,NO,,,NO,3,18,398455.45488951,134318.97061928,
134704931,23,15th & P St NW,31201,38.90985,-77.034438,YES,NO,,,NO,10,8,397013.12734699,137999.29479922,
134704932,24,14th & R St NW,31202,38.912682,-77.031681,YES,NO,,,NO,4,11,397252.35624534,138313.58352632,
134704933,25,14th & Rhode Island Ave NW,31203,38.9086,-77.0323,YES,NO,,,NO,3,20,397198.51101235,137860.46677503,
134704934,26,20th & E St NW,31204,38.8963,-77.045,YES,NO,,,NO,10,5,396096.32377953,136495.53410413,
134704935,27,21st & I St NW,31205,38.9008,-77.047,YES,NO,,,NO,2,32,395923.08426032,136995.15740474,
134704936,28,Georgia & New Hampshire Ave NW,31400,38.936043,-77.024649,YES,NO,,,NO,3,12,397862.93084314,140906.66509731,
134704937,29,14th St & Spring Rd NW,31401,38.9375,-77.0328,YES,NO,,,NO,1,10,397156.2969996,141068.6272297,
134704938,30,John McCormack Dr & Michigan Ave NE,31502,38.9346,-76.9955,YES,NO,,,NO,8,3,400390.15805724,140746.2005855,
134704939,31,5th & K St NW,31600,38.90304,-77.019027,YES,NO,,,NO,2,16,398349.59483465,137242.93793811,
134704940,32,19th & East Capitol St SE,31601,38.8896,-76.9769,YES,NO,,,NO,9,6,402004.07538839,135751.07274551,
134704941,33,Park Rd & Holmead Pl NW,31602,38.9308,-77.0315,YES,NO,,,NO,7,12,397268.74809473,140324.82919203,
134704942,34,Good Hope & Naylor Rd SE,31700,38.8601,-76.9672,YES,NO,,,NO,5,5,402846.79011674,132476.60854073,
134704943,35,Connecticut Ave & Newark St NW / Cleveland Park,31305,38.934267,-77.057979,YES,NO,,,NO,6,5,394973.09374685,140710.82140544,
134704944,36,Randle Circle & Minnesota Ave SE,31702,38.878,-76.9607,YES,NO,,,NO,5,6,403410.08514111,134463.86390983,
134704945,37,Minnesota Ave Metro/DOES,31703,38.897063,-76.947446,YES,NO,,,NO,5,10,404558.92450764,136580.58329247,
134704946,38,Nannie Helen Burroughs & Minnesota Ave NE,31704,38.901385,-76.941877,YES,NO,,,NO,9,2,405041.71541905,137060.65262358,
134704947,39,Anacostia Metro,31801,38.862669,-76.994637,YES,NO,,,NO,8,3,400465.45079874,132761.28847182,
134704948,40,Good Hope Rd & MLK Ave SE,31802,38.867373,-76.988039,YES,NO,,,NO,5,6,401038.0179126,133283.52133563,
134704949,41,19th & E Street NW,31206,38.8952,-77.0436,YES,NO,,,NO,3,8,396217.71315484,136373.36645763,
134704950,42,4th & W St NE,31500,38.919077,-77.000648,YES,NO,,,NO,3,12,399943.80500792,139023.00525965,
134704951,43,10th & U St NW,31111,38.9172,-77.0259,YES,NO,,,NO,3,12,397753.87564422,138814.96095752,
134704952,44,Georgia Ave and Fairmont St NW,31207,38.9249,-77.0222,YES,NO,,,NO,0,11,398074.95841142,139669.64140129,
134704953,45,1st & N St  SE,31209,38.8743,-77.0057,YES,NO,,,NO,9,30,399505.38183805,134052.41738498,
134704954,46,20th St & Florida Ave NW,31110,38.9154,-77.0446,YES,NO,,,NO,8,6,396132.05899493,138615.77216932,
134704955,47,7th & T St NW,31109,38.9155,-77.0222,YES,NO,,,NO,0,2,398074.70465287,138626.16224103,
134704956,48,23rd & Eads St,31013,38.853531,-77.053509,YES,NO,,,NO,10,5,395355.3991924,131748.25211246,
134704957,49,M St & New Jersey Ave SE,31208,38.8763,-77.0037,YES,NO,,,NO,10,6,399678.94106865,134274.42351994,
134704958,51,Massachusetts Ave & Dupont Circle NW,31200,38.9101,-77.0444,YES,NO,,,NO,16,27,396149.11786763,138027.41994099,
134704959,52,1st & M St NE,31603,38.9057,-77.0056,YES,NO,,,NO,8,7,399514.27317303,137538.06239613,
134704960,53,21st & M St NW,31212,38.90534,-77.046774,YES,NO,,,NO,13,4,395942.94637664,137499.12394013,
134704961,54,17th & K St NW,31213,38.90276,-77.03863,YES,NO,,,NO,18,5,396649.21425572,137212.39264868,
134704962,55,3rd & H St NW,31604,38.899408,-77.015289,YES,NO,,,NO,4,11,398673.76205224,136839.69580021,
134704963,56,3rd & D St SE,31605,38.8851,-77.0023,YES,NO,,,NO,0,11,399800.44743845,135251.28674748,
134704964,57,Potomac & Pennsylvania Ave SE,31606,38.8803,-76.9862,YES,NO,,,NO,5,10,401197.39591334,134718.53788821,
134704965,58,14th & D St SE,31607,38.884,-76.9861,YES,NO,,,NO,11,4,401206.0101559,135129.26756581,
134704966,59,17th & Corcoran St NW,31214,38.9121,-77.0387,YES,NO,,,NO,7,12,396643.58195891,138249.21138577,
134704967,60,Van Ness Metro / UDC,31300,38.944551,-77.063896,YES,NO,,,NO,11,3,394460.8760265,141852.77834368,
134704968,61,Florida Ave & R St NW,31503,38.9126,-77.0135,YES,NO,,,NO,6,9,398829.1646746,138304.09064665,
134704969,62,8th & Eye St SE / Barracks Row,31608,38.8792,-76.9953,YES,NO,,,NO,8,3,400407.81504123,134596.34949947,
134704970,63,Ward Circle / American University,31301,38.938736,-77.087171,YES,NO,,,NO,6,9,392442.5577893,141208.93151752,
134704971,64,Wisconsin Ave & Newark St NW,31302,38.934881,-77.072755,YES,NO,,,NO,8,11,393692.03675799,140779.89807813,
134704972,65,14th St Heights / 14th & Crittenden St NW,31402,38.947774,-77.032818,YES,NO,,,NO,7,4,397155.14643993,142209.13309952,
134704973,66,Anacostia Library,31804,38.865784,-76.9784,YES,NO,,,NO,2,9,401874.56617125,133107.28439427,
134704974,67,Pennsylvania & Minnesota Ave SE,31805,38.873057,-76.971015,YES,NO,,,NO,8,3,402515.22051118,133914.81891889,
134704975,68,Eastern Market / 7th & North Carolina Ave SE,31610,38.886952,-76.996806,YES,NO,,,NO,5,10,400277.11058153,135456.87541854,
134704976,69,14th St & New York Ave NW,31216,38.899632,-77.031686,YES,NO,,,NO,18,4,397251.41977838,136864.92754697,
134704977,70,Benning Branch Library,31705,38.894,-76.947974,YES,NO,,,NO,6,5,404513.31564725,136240.53983015,
134704978,71,USDA / 12th & Independence Ave SW,31217,38.887237,-77.028226,YES,NO,,,NO,17,22,397551.12964707,135488.88637292,
134704979,72,Georgetown Harbor / 30th St NW,31215,38.902221,-77.059219,YES,NO,,,NO,11,8,394863.27537199,137153.51643639,
134704980,73,12th & Newton St NE,31501,38.933668,-76.991016,YES,NO,,,NO,5,6,400778.93906675,140642.76917646,
134704981,74,US Dept of State / Virginia Ave & 21st St NW,31220,38.894919,-77.046587,YES,NO,,,NO,7,7,395958.57590909,136342.30123407,
134704982,75,L'Enfant Plaza / 7th & C St SW,31218,38.886266,-77.022241,YES,NO,,,NO,5,10,398070.35828347,135380.95431573,
134704983,76,10th St & Constitution Ave NW,31219,38.893028,-77.026013,YES,NO,,,NO,16,14,397743.31133834,136131.67560302,
134704984,77,Kennedy Center,31211,38.897293,-77.05557,YES,NO,,,NO,14,4,395179.46081279,136606.27005869,
134704985,78,Eastern Market Metro / Pennsylvania Ave & 7th St SE,31613,38.884,-76.995397,YES,NO,,,NO,12,6,400399.37156595,135129.1858182,
134704986,79,18th & M St NW,31221,38.904742,-77.041606,YES,NO,,,NO,15,3,396391.17480356,137432.52410483,
134704987,80,Tenleytown / Wisconsin Ave & Albemarle St NW,31303,38.947607,-77.079382,YES,NO,,,NO,11,4,393118.69490052,142193.07513516,
134704988,81,13th & H St NE,31611,38.9003,-76.9882,YES,NO,,,NO,6,21,401023.57329617,136938.67004248,
134704989,82,5th & F St NW,31620,38.897222,-77.019347,YES,NO,,,NO,11,20,398321.70110602,136597.09913431,
134704990,83,New York Ave & 15th St NW,31222,38.8991,-77.0337,YES,NO,,,NO,12,6,397076.69494362,136805.93385932,
134704991,84,Convention Center / 7th & M St NW,31223,38.905737,-77.02227,YES,NO,,,NO,3,15,398068.36951337,137542.39041117,
134704992,85,Harvard St & Adams Mill Rd NW,31112,38.927872,-77.043358,YES,NO,,,NO,6,9,396240.42917895,140000.2175631,
134704993,86,19th & L St NW,31224,38.903407,-77.043648,YES,NO,,,NO,13,2,396213.98476874,137284.41101743,
134704994,87,C & O Canal & Wisconsin Ave NW,31225,38.90375,-77.06269,YES,NO,,,NO,8,14,394562.31341761,137323.44877775,
134704995,88,6th & Water St SW / SW Waterfront,31609,38.87675,-77.02127,YES,NO,,,NO,5,13,398154.35666339,134324.58543011,
134704996,89,D St & Maryland Ave NE,31612,38.894758,-76.997114,YES,NO,,,NO,13,10,400250.36118988,136323.40169319,
134704997,90,34th St & Wisconsin Ave NW,31226,38.916442,-77.0682,YES,NO,,,NO,3,6,394085.43254774,138732.70732736,
134704998,91,13th St & New York Ave NW,31227,38.900283,-77.029822,YES,NO,,,NO,14,9,397413.13477499,136937.13928906,
134704999,92,8th & H St NW,31228,38.8997,-77.023086,YES,NO,,,NO,19,14,397997.42273853,136872.25229554,
134705000,93,10th & Monroe St NE,31504,38.932514,-76.992889,YES,NO,,,NO,6,5,400616.55446976,140514.65083001,
134705001,94,Eckington Pl & Q St NE,31505,38.910972,-77.00495,YES,NO,,,NO,7,4,399570.68391328,138123.29427771,
134705002,95,6th & H St NE,31615,38.899972,-76.998347,YES,NO,,,NO,7,15,400143.38766466,136902.19455674,
134705003,96,3rd & H St NE,31616,38.900412,-77.001949,YES,NO,,,NO,2,17,399830.93718412,136951.03859198,
134705004,97,Bladensburg Rd & Benning Rd NE,31617,38.900413,-76.982872,YES,NO,,,NO,3,12,401485.74030431,136951.28717624,
134705005,98,4th & East Capitol St NE,31618,38.889955,-77.000349,YES,NO,,,NO,5,3,399969.72212823,135790.22701798,
134705006,99,Lincoln Park / 13th & East Capitol St NE,31619,38.890461,-76.988355,YES,NO,,,NO,1,24,401010.26737857,135846.46135466,
134705007,100,Branch & Pennsylvania Ave SE,31701,38.8692,-76.9599,YES,NO,,,NO,4,7,403479.93073282,133487.02816607,
134705008,101,13th & D St NE,31622,38.894832,-76.987633,YES,NO,,,NO,7,23,401072.83909032,136331.6849909,
134705009,102,New Hampshire Ave & T St NW,31229,38.91554,-77.03818,YES,NO,,,NO,1,22,396688.84082399,138631.06089313,
134705010,103,Metro Center / 12th & G St NW,31230,38.898364,-77.027869,YES,NO,,,NO,18,11,397582.47982913,136724.06141167,
134705011,104,14th & D St NW / Ronald Reagan Building,31231,38.894514,-77.031617,YES,NO,,,NO,14,11,397257.20836553,136296.78677707,
134705012,105,8th & F St NW,31232,38.896886,-77.022915,YES,NO,,,NO,17,10,398012.17758939,136559.87210653,
134705013,106,17th & K St NW / Farragut Square,31233,38.902061,-77.038322,YES,NO,,,NO,17,18,396675.89775652,137134.78675859,
134705014,107,20th & O St NW / Dupont South,31234,38.908905,-77.04478,YES,NO,,,NO,16,3,396116.0947985,137894.78124868,
134705015,108,4th & D St NW / Judiciary Square,31621,38.895344,-77.016106,YES,NO,,,NO,6,8,398602.81213383,136388.57162835,
134705016,109,19th St & Constitution Ave NW,31235,38.8923,-77.0436,YES,NO,,,NO,8,27,396217.55940232,136051.44360649,
134705017,110,37th & O St NW / Georgetown University,31236,38.90774,-77.071652,YES,NO,,,NO,9,13,393785.30362802,137766.94307056,
134705018,111,11th & H St NE,31614,38.899983,-76.991383,YES,NO,,,NO,8,11,400747.47205932,136903.4496248,
134705019,112,25th St & Pennsylvania Ave NW,31237,38.903827,-77.053485,YES,NO,,,NO,13,1,395360.75356309,137331.48834951,
134705020,113,Columbus Circle / Union Station,31623,38.89696,-77.00493,YES,NO,,,NO,21,24,399572.33452251,136567.84875416,
134705021,114,North Capitol St & F St NW,31624,38.897446,-77.009888,YES,NO,,,NO,15,8,399142.24595819,136621.83352922,
134705022,115,11th & M St NW,31266,38.905607,-77.027137,YES,NO,,,NO,7,11,397646.21680293,137528.07359221,
134705023,116,36th & Calvert St NW / Glover Park,31304,38.922581,-77.070334,YES,NO,,,NO,6,9,393900.88891277,139414.32818096,
134705024,117,14th & G St NW,31238,38.898069,-77.031823,YES,NO,,,NO,13,10,397239.47532464,136691.42619808,
134705025,118,Potomac Ave & 35th St S,31052,38.844015,-77.050537,YES,NO,,,NO,18,3,395612.7850665,130691.76225178,
134705026,124,Ohio Dr & West Basin Dr SW / MLK & FDR Memorials,31240,38.88412,-77.04657,YES,NO,,,NO,5,18,395959.43911633,135143.52730167,
134705027,125,11th & F St NW,31262,38.897857,-77.026975,YES,NO,,,NO,8,7,397660.01398863,136667.7570737,
134705028,126,23rd & E St NW,31260,38.896104,-77.049882,YES,NO,,,NO,11,8,395672.80643508,136473.99663923,
134705029,127,Lynn & 19th St North,31014,38.897315,-77.070993,YES,NO,,,NO,17,13,393841.56164086,136609.63967085,
134705030,128,Rosslyn Metro / Wilson Blvd & Ft Myer Dr,31015,38.8946,-77.072305,YES,NO,,,NO,8,11,393727.51072873,136308.34254655,
134705031,129,Clarendon Blvd & Pierce St,31016,38.893438,-77.076389,YES,NO,,,NO,8,7,393373.11414719,136179.63995377,
134705032,130,Wilson Blvd & N Uhle St,31017,38.891696,-77.0846,YES,NO,,,NO,7,8,392660.61582418,135986.8924231,
134705033,131,N Rhodes & 16th St N,31018,38.892164,-77.079375,YES,NO,,,NO,3,8,393113.95026708,136038.43697471,
134705034,132,Fairfax Village,31706,38.86559,-76.952103,YES,NO,,,NO,8,7,404156.7748465,133086.6176774,
134705035,133,21st St & Constitution Ave NW,31261,38.892459,-77.046567,YES,NO,,,NO,7,8,395960.17160973,136069.22097211,
134705036,134,Wilson Blvd & N Edgewood St,31019,38.889,-77.0925,YES,NO,,,NO,3,12,391974.9565944,135688.28027547,
134705037,135,Columbia Rd & Belmont St NW,31113,38.920669,-77.04368,YES,NO,,,NO,1,18,396212.12597888,139200.636678,
134705038,136,17th & Rhode Island Ave NW,31239,38.906602,-77.038785,YES,NO,,,NO,15,7,396635.95067876,137638.89146728,
134705039,137,Thomas Circle,31241,38.9059,-77.0325,YES,NO,,,NO,8,25,397181.05762675,137560.75091601,
134705040,138,Wilson Blvd & Franklin Rd,31020,38.8904,-77.0889,YES,NO,,,NO,5,6,392287.43385198,135843.38082737,
134705041,139,Clarendon Blvd & N Fillmore St,31021,38.8881,-77.09308,YES,NO,,,NO,2,13,391924.53555307,135588.42446277,
134705042,140,Clarendon Metro / Wilson Blvd & N Highland St,31022,38.88786,-77.094875,YES,NO,,,NO,8,9,391768.77673525,135561.94292851,
134705043,141,18th St & Pennsylvania Ave NW,31242,38.89968,-77.041539,YES,NO,,,NO,11,15,396396.73056387,136870.59871663,
134705044,142,Maryland & Independence Ave SW,31243,38.887299,-77.018939,YES,NO,,,NO,30,9,398356.86545321,135495.56070939,
134705045,143,4th & E St SW,31244,38.88412,-77.017445,YES,NO,,,NO,10,8,398486.41642165,135142.64129491,
134705046,144,3rd & G St SE,31625,38.881185,-77.001828,YES,NO,,,NO,11,8,399841.39039203,134816.69073244,
134705047,145,7th & R St NW / Shaw Library,31245,38.912719,-77.022155,YES,NO,,,NO,2,13,398078.53235602,138317.44722014,
134705048,146,9th & Upshur St NW,31404,38.9418,-77.0251,YES,NO,,,NO,2,12,397824.00484445,141545.75347825,
134705049,147,1st & Rhode Island Ave NW,31506,38.915417,-77.012289,YES,NO,,,NO,6,9,398934.23503524,138616.78618346,
134705050,148,Columbia Rd & Georgia Ave NW,31115,38.928121,-77.023795,YES,NO,,,NO,5,14,397936.74344645,140027.23478731,
134705051,149,California St & Florida Ave NW,31116,38.917761,-77.04062,YES,NO,,,NO,0,18,396477.34162756,138877.70174796,
134705052,150,Benning Rd & East Capitol St NE / Benning Rd Metro,31707,38.889935,-76.93723,YES,NO,,,NO,9,10,405445.68021157,135789.87902946,
134705053,151,3000 Connecticut Ave NW / National Zoo,31307,38.930282,-77.055599,YES,NO,,,NO,1,14,395179.17550824,140268.32354902,
134705054,152,Anacostia Ave & Benning Rd NE / River Terrace,31708,38.896544,-76.96012,YES,NO,,,NO,9,6,403459.51281234,136522.41355417,
134705055,153,M St & Pennsylvania Ave NW,31246,38.905126,-77.056887,YES,NO,,,NO,14,4,395065.75667991,137475.86623703,
134705056,154,15th St & Massachusetts Ave SE,31626,38.88732,-76.983569,YES,NO,,,NO,1,14,401425.5417836,135497.84971905,
134705057,155,Congress Heights Metro,31806,38.844711,-76.987823,YES,NO,,,NO,8,7,401057.09871953,130767.87922723,
134705058,156,N Quincy St & Glebe Rd,31035,38.876393,-77.107735,YES,NO,,,NO,2,9,390651.55922442,134290.2570428,
134705059,157,Wilson Blvd & N Oakland St,31033,38.8815,-77.10396,YES,NO,,,NO,6,5,390979.77106772,134856.79270568,
134705060,158,N Veitch  & 20th St N,31029,38.896923,-77.086502,YES,NO,,,NO,7,7,392496.15967477,136567.28510903,
134705061,159,10th & K St NW,31263,38.9024,-77.02622,YES,NO,,,NO,10,13,397725.65241957,137172.04739912,
134705062,160,Fairfax Dr & Wilson Blvd,31023,38.885801,-77.097745,YES,NO,,,NO,6,5,391519.53488356,135333.64078152,
134705063,161,Key Blvd & N Quinn St,31027,38.896015,-77.078107,YES,NO,,,NO,2,9,393224.3192932,136465.83335402,
134705064,162,1st & K St SE,31628,38.87861,-77.006004,YES,NO,,,NO,7,7,399479.03366972,134530.86164671,
134705065,163,39th & Calvert St NW / Stoddert,31306,38.922649,-77.077271,YES,NO,,,NO,9,10,393299.34379144,139422.36308098,
134705066,164,1st & Washington Hospital Center NW,31507,38.928743,-77.012457,YES,NO,,,NO,6,9,398919.86707704,140096.08692818,
134705067,165,Virginia Square Metro / N Monroe St & 9th St N,31024,38.882788,-77.103148,YES,NO,,,NO,13,6,391050.38685989,134999.69056817,
134705068,166,Central Library / N Quincy St & 10th St N,31025,38.88397,-77.10783,YES,NO,,,NO,5,6,390644.30934888,135131.37099114,
134705069,167,Washington Blvd & 10th St N,31026,38.884734,-77.093485,YES,NO,,,NO,11,4,391889.01580315,135214.80848005,
134705070,168,Jefferson Dr & 14th St SW,31247,38.888553,-77.032429,YES,NO,,,NO,16,7,397186.53186857,135635.0937417,
134705071,169,Smithsonian / Jefferson Dr & 12th St SW,31248,38.888767,-77.02858,YES,NO,,,NO,18,5,397520.46999936,135658.73782359,
134705072,170,George Mason Dr & Wilson Blvd,31036,38.87887,-77.1207,YES,NO,,,NO,5,10,389526.91727648,134566.63015205,
134705073,171,6th St & Indiana Ave NW,31264,38.894573,-77.01994,YES,NO,,,NO,16,3,398270.19576117,136303.05019148,
134705074,172,N Veitch & Key Blvd,31028,38.893241,-77.086045,YES,NO,,,NO,5,5,392535.41805911,136158.51666851,
134705075,173,Lee Hwy & N Adams St,31030,38.89593,-77.089006,YES,NO,,,NO,3,16,392278.83629398,136457.26307774,
134705076,174,15th & N Scott St,31031,38.89054,-77.08095,YES,NO,,,NO,9,2,392977.15386494,135858.28028852,
134705077,175,Washington Blvd & 7th St N,31032,38.880834,-77.091129,YES,NO,,,NO,5,6,392092.9958064,134781.67205596,
134705078,176,Ballston Metro / N Stuart & 9th St N,31037,38.881044,-77.111768,YES,NO,,,NO,6,17,390302.23781937,134806.97373735,
134705079,177,N Randolph St & Fairfax Dr,31034,38.882629,-77.109366,YES,NO,,,NO,4,7,390510.86258655,134982.66832544,
134705080,178,Jefferson Memorial,31249,38.879819,-77.037413,YES,NO,,,NO,10,11,396753.73375318,134665.71792817,
134705081,179,Good Hope Rd & 14th St SE,31803,38.866611,-76.985238,YES,NO,,,NO,3,12,401281.11228246,133198.96929326,
134705082,180,Glebe Rd & 11th St N,31038,38.883921,-77.116817,YES,NO,,,NO,6,5,389864.56068615,135126.89103108,
134705083,181,Wilson Blvd & N Quincy St,31039,38.880012,-77.107854,YES,NO,,,NO,10,5,390641.70793238,134692.00542591,
134705084,182,Fairfax Dr & Kenmore St,31040,38.884616,-77.10108,YES,NO,,,NO,3,8,391230.0410303,135202.41180552,
134705085,183,Gallaudet / 8th St & Florida Ave NE,31508,38.90509,-76.9941,YES,NO,,,NO,7,12,400511.75228339,137470.34907981,
134705086,185,20th & L St NW,31250,38.903584,-77.044789,YES,NO,,,NO,11,8,396115.02439795,137304.10738551,
134705087,186,12th & L St NW,31251,38.903819,-77.0284,YES,NO,,,NO,5,14,397536.60617,137329.6244241,
134705088,187,21st St & Pennsylvania Ave NW,31252,38.901539,-77.046564,YES,NO,,,NO,7,12,395960.94600021,137077.17295375,
134705089,188,19th & K St NW,31253,38.902204,-77.04337,YES,NO,,,NO,15,8,396238.03496422,137150.85682925,
134705090,189,Prince St & Union St,31041,38.803124,-77.040363,YES,NO,,,NO,10,9,396494.00267968,126152.15218226,
134705091,190,Market Square / King St & Royal St,31042,38.804718,-77.043363,YES,NO,,,NO,12,3,396233.50175862,126329.21564255,
134705092,191,Saint Asaph St & Pendleton  St,31043,38.810743,-77.044664,YES,NO,,,NO,11,4,396120.82449056,126998.08315733,
134705093,192,King St & Patrick St,31044,38.805317,-77.049883,YES,NO,,,NO,9,6,395667.21274018,126395.99762896,
134705094,193,15th & K St NW,31254,38.902,-77.03353,YES,NO,,,NO,16,11,397091.55982715,137127.85168549,
134705095,194,Commerce St & Fayette St,31045,38.805648,-77.05293,YES,NO,,,NO,9,6,395402.57471448,126432.8897394,
134705096,195,Henry St & Pendleton St,31046,38.811456,-77.050276,YES,NO,,,NO,5,12,395633.45246838,127077.48415181,
134705097,196,Braddock Rd Metro,31047,38.814577,-77.052808,YES,NO,,,NO,19,10,395413.7448307,127424.05927501,
134705098,197,King St Metro South,31048,38.805767,-77.06072,YES,NO,,,NO,3,20,394725.95516096,126446.52067087,
134705099,198,24th & N St NW,31255,38.9066,-77.05152,YES,NO,,,NO,14,1,395531.3698104,137639.21579131,
134705100,199,10th & E St NW,31256,38.895914,-77.026064,YES,NO,,,NO,12,3,397738.97843831,136452.04567026,
134705101,200,22nd & I St NW / Foggy Bottom,31257,38.90088,-77.048911,YES,NO,,,NO,0,13,395757.32337487,137004.12512577,
134705102,201,Utah St & 11th St N,31049,38.883669,-77.113905,YES,NO,,,NO,5,6,390117.18065021,135098.59783356,
134705103,202,Barton St & 10th St N,31050,38.884961,-77.08777,YES,NO,,,NO,4,7,392384.88706428,135239.51496366,
134705104,203,Arlington Blvd & N Queen St,31051,38.889365,-77.077294,YES,NO,,,NO,3,8,393294.22093326,135727.57124359,
134705105,204,Lincoln Memorial,31258,38.888251,-77.049426,YES,NO,,,NO,3,22,395711.89180633,135602.23051407,
134705106,206,20th St & Virginia Ave NW,31259,38.894722,-77.045128,YES,NO,,,NO,5,10,396085.13339566,136320.36909798,
134705107,207,5th St & Massachusetts Ave NW,31265,38.90093,-77.018677,YES,NO,,,NO,7,12,398379.90597158,137008.70467648,
134705108,208,39th & Veazey St NW,31308,38.943837,-77.077078,YES,NO,,,NO,10,5,393318.06595366,141774.40034915,
134705109,209,Fessenden St & Wisconsin Ave NW,31309,38.954812,-77.082426,YES,NO,,,NO,10,5,392855.54507199,142993.1290753,
134705110,210,M St & Delaware Ave NE,31627,38.905707,-77.003041,YES,NO,,,NO,19,3,399736.23301134,137538.82894813,
134705111,211,Columbia Pike & S Courthouse Rd,31053,38.863833,-77.080319,YES,NO,,,NO,4,11,393029.28804682,132893.55385171,
134705112,212,Walter Reed Community Center / Walter Reed Dr & 16th St S,31054,38.857803,-77.086733,YES,NO,,,NO,4,7,392471.99507726,132224.68968124,
134705113,213,28th St S & S Meade St,31055,38.846222,-77.069275,YES,NO,,,NO,7,8,393986.28914822,130937.82204983,
134705114,214,18th St & Wyoming Ave NW,31114,38.918809,-77.041571,YES,NO,,,NO,0,22,396394.92173743,138994.07565048,
134705115,215,5th & Kennedy St NW,31403,38.956595,-77.019815,YES,NO,,,NO,3,12,398282.53401468,143188.01940434,
134705116,216,Georgia Ave & Emerson St NW,31405,38.949662,-77.027333,YES,NO,,,NO,10,9,397630.68061866,142418.56148209,
134705117,217,14th & Upshur St NW,31406,38.942016,-77.032652,YES,NO,,,NO,11,8,397169.30765214,141569.93848837,
134705118,218,14th St & Colorado Ave NW,31407,38.956432,-77.032947,YES,NO,,,NO,12,7,397144.31085359,143170.25383441,
134705119,219,S Troy St & 26th St S,31056,38.847977,-77.075104,YES,NO,,,NO,7,4,393480.43841302,131133.03943473,
134705120,220,S Four Mile Run Dr & S Shirlington Rd,31057,38.8444,-77.085931,YES,NO,,,NO,7,4,392540.20426708,130736.796557,
134705121,221,S Oakland St & Columbia Pike,31058,38.860789,-77.09586,YES,NO,,,NO,10,1,391680.16396318,132556.94935025,
134705122,222,S Four Mile Run & Walter Reed Dr,31059,38.84736,-77.095431,YES,NO,,,NO,8,3,391715.83915544,131066.19628707,
134705123,223,S Arlington Mill Dr & Campbell Ave,31060,38.84232,-77.089555,YES,NO,,,NO,9,6,392225.37311813,130506.2046103,
134705124,224,S Kenmore & 24th St S,31061,38.848454,-77.084918,YES,NO,,,NO,5,6,392628.5628703,131186.73644678,
134705125,225,13th St & Eastern Ave,32006,38.987,-77.029417,YES,NO,,,NO,6,8,397451.3679179,146563.48846577,
134705126,226,Wisconsin Ave & O St NW,31312,38.90849,-77.063586,YES,NO,,,NO,10,9,394484.96152307,137849.68097811,
134705127,227,S George Mason Dr & 13th St S,31062,38.854691,-77.100555,YES,NO,,,NO,6,5,391271.93225753,131880.46618931,
134705128,228,Connecticut & Nebraska Ave NW,31310,38.955016,-77.069956,YES,NO,,,NO,8,14,393936.42688566,143014.87282821,
134705129,229,17th St & Massachusetts Ave NW,31267,38.908142,-77.038359,YES,NO,,,NO,11,8,396672.97197532,137809.82841168,
134705130,230,15th & Euclid St  NW,31117,38.92333,-77.0352,YES,NO,,,NO,3,12,396947.614649,139495.71246314,
134705131,231,8th & East Capitol St NE,31629,38.889988,-76.995193,YES,NO,,,NO,4,6,400417.03628136,135793.90119809,
134705132,232,New Jersey Ave & R St NW,31509,38.912659,-77.017669,YES,NO,,,NO,3,12,398467.59465205,138310.70186081,
134705133,233,15th & East Capitol St NE,31630,38.889908,-76.983326,YES,NO,,,NO,5,5,401446.57181554,135785.14170208,
134705134,234,8th & F St NE,31631,38.897274,-76.994749,YES,NO,,,NO,5,9,400455.50943968,136602.70680593,
134705135,235,18th St & Rhode Island Ave NE,31510,38.927095,-76.978924,YES,NO,,,NO,8,7,401827.51926549,139913.2820472,
134705136,236,15th & F St NE,31632,38.897195,-76.983575,YES,NO,,,NO,4,15,401424.82399465,136594.05225642,
134705137,237,12th & Irving St NE,31511,38.928644,-76.990955,YES,NO,,,NO,4,10,400784.28320356,140085.0622346,
134705138,239,Alabama & MLK Ave SE,31800,38.843222,-76.999388,YES,NO,,,NO,8,3,400053.12949919,130602.51954593,
134705139,240,Pleasant St & MLK Ave SE,31807,38.863897,-76.990037,YES,NO,,,NO,1,10,400864.66651397,132897.63895866,
134705140,241,Neal St & Trinidad Ave NE,31512,38.903732,-76.987211,YES,NO,,,NO,4,10,401109.30924373,137319.66124122,
134705141,242,12th & U St NW,31268,38.916787,-77.028139,YES,NO,,,NO,2,28,397559.68883751,138769.17197864,
134705142,243,S George Mason Dr & Four Mile Run,31063,38.852248,-77.105022,YES,NO,,,NO,5,6,390883.88955688,131609.71253131,
134705143,244,S Stafford & 34th St S,31064,38.834108,-77.087323,YES,NO,,,NO,7,4,392418.26989469,129594.42903651,
134705144,245,N Pershing Dr & Wayne St,31065,38.880705,-77.08596,YES,NO,,,NO,9,2,392541.48161705,134766.91705858,
134705145,246,Columbia Pike & S Orme St,31066,38.867262,-77.072315,YES,NO,,,NO,6,4,393724.23923893,133273.6172133,
134705146,247,3rd St & Pennsylvania Ave SE,31269,38.887378,-77.001955,YES,NO,,,NO,7,8,399830.38573816,135504.16169424,
134705147,248,8th & D St NW,31270,38.894851,-77.02324,YES,NO,,,NO,14,0,397983.92709424,136333.97809506,
134705148,249,3rd & Elm St NW,31118,38.917622,-77.01597,YES,NO,,,NO,2,13,398615.04270249,138861.60900002,
134705149,250,Rhode Island Ave & V St NE,31513,38.918155,-77.004746,YES,NO,,,NO,7,12,399588.4183945,138920.6660217,
134705150,251,Constitution Ave & 2nd St NW/DOL,31271,38.892275,-77.013917,YES,NO,,,NO,19,8,398792.6549073,136047.85718073,
134705151,252,Washington & Independence Ave SW/HHS,31272,38.886978,-77.013769,YES,NO,,,NO,23,8,398805.40570038,135459.84686256,
134705152,253,Independence Ave & L'Enfant Plaza SW/DOE,31633,38.887312,-77.025762,YES,NO,,,NO,6,9,397764.90711108,135497.14874174,
134705153,254,Hamlin & 7th St NE,31514,38.927497,-76.997194,YES,NO,,,NO,4,10,400243.30946072,139957.7002703,
134705154,255,Columbia Pike & S Walter Reed Dr,31067,38.862478,-77.086599,YES,NO,,,NO,7,5,392484.11792553,132743.63730167,
134705155,256,Columbia Pike & S Dinwiddie St / Arlington Mill Community Center,31068,38.856319,-77.11153,YES,NO,,,NO,5,10,390319.53509636,132062.29229881,
134705156,257,Pershing & N George Mason Dr,31069,38.871822,-77.107906,YES,NO,,,NO,4,7,390636.1213437,133782.8595827,
134705157,258,Fenton St & New York Ave,32001,38.985404,-77.023082,YES,NO,,,NO,6,9,398000.17527578,146386.15892257,
134705158,259,Bethesda Ave & Arlington Rd,32002,38.981103,-77.097426,YES,NO,,,NO,8,10,391558.50228853,145912.95751583,
134705159,260,Montgomery Ave & Waverly St,32003,38.983838,-77.09221,YES,NO,,,NO,5,6,392010.75030162,146216.09966891,
134705160,261,Fallsgrove Blvd & Fallsgrove Dr,32004,39.096312,-77.192672,YES,NO,,,NO,9,10,383332.89363763,158715.52157619,
134705161,262,Traville Gateway Dr & Gudelsky Dr,32005,39.093783,-77.202501,YES,NO,,,NO,14,5,382482.01381244,158436.61187288,
134705162,263,Norfolk Ave & Fairmont St,32000,38.988562,-77.096539,YES,NO,,,NO,4,7,391636.2322207,146740.89768535,
134705163,264,E Montgomery Ave & Maryland Ave,32007,39.084125,-77.151291,YES,NO,,,NO,13,2,386910.31438669,157355.87132814,
134705164,265,Cordell & Norfolk Ave,32008,38.98954,-77.098029,YES,NO,,,NO,8,3,391507.26098283,146849.60289105,
134705165,266,Frederick Ave & Horners Ln,32009,39.094772,-77.145213,YES,NO,,,NO,3,8,387438.06215384,158536.96474703,
134705166,267,Philadelphia & Maple Ave,32010,38.98128,-77.011336,YES,NO,,,NO,11,4,399017.79198301,145928.16270611,
134705167,268,Maple & Ritchie Ave,32011,38.983627,-77.006311,YES,NO,,,NO,12,6,399453.20125046,146188.66055368,
134705168,269,Silver Spring Metro/Colesville Rd & Wayne Ave,32012,38.99521,-77.02918,YES,NO,,,NO,8,11,397472.19246231,147474.87366525,
134705169,270,Montgomery & East Ln,32013,38.983525,-77.095367,YES,NO,,,NO,5,6,391737.18561936,146181.63464028,
134705170,271,Friendship Hts Metro/Wisconsin Ave & Wisconsin Cir,32014,38.961763,-77.085998,YES,NO,,,NO,8,11,392546.66110808,143765.03951761,
134705171,272,14th & Belmont St NW,31119,38.921074,-77.031887,YES,NO,,,NO,1,14,397234.815588,139245.17181709,
134705172,273,3rd & Tingey St SE,31634,38.87501,-77.0024,YES,NO,,,NO,14,5,399791.74179325,134131.220022,
134705173,274,10th & Florida Ave NW,31120,38.920387,-77.025672,YES,NO,,,NO,1,18,397773.74796634,139168.73911509,
134705174,275,Potomac Ave & 8th St SE,31635,38.876737,-76.994468,YES,NO,,,NO,7,8,400480.02354886,134322.94186107,
134705175,276,Crabbs Branch Way & Redland Rd,32015,39.120045,-77.156985,YES,NO,,,NO,8,7,386424.52768958,161344.27440776,
134705176,277,Fallsgrove Dr & W Montgomery Ave,32016,39.099376,-77.188014,YES,NO,,,NO,12,3,383736.53425668,159054.82333901,
134705177,278,Monroe St & Monroe Pl,32017,39.083673,-77.149162,YES,NO,,,NO,10,5,387094.43314867,157305.3907351,
134705178,279,Needwood Rd & Eagles Head Ct,32018,39.123513,-77.15741,YES,NO,,,NO,4,11,386388.43917458,161729.3311025,
134705179,280,East West Hwy & Blair Mill Rd,32019,38.990249,-77.02935,YES,NO,,,NO,8,7,397457.28862708,146924.15777926,
134705180,281,Crabbs Branch Way & Calhoun Pl,32020,39.107709,-77.152072,YES,NO,,,NO,11,4,386847.10375582,159974.10023058,
134705181,282,47th & Elm St,32021,38.982456,-77.091991,YES,NO,,,NO,10,4,392029.57027544,146062.66507911,
134705182,283,Garland Ave & Walden Rd,32022,39.000578,-77.00149,YES,NO,,,NO,3,12,399870.93387652,148070.37306511,
134705183,284,Montgomery College/W Campus Dr & Mannakee St,32023,39.095661,-77.159048,YES,NO,,,NO,12,9,386241.41121024,158637.64923132,
134705184,285,Fenton St & Gist Ave,32024,38.989724,-77.023854,YES,NO,,,NO,4,7,397933.4145005,146865.73881136,
134705185,286,Carroll & Westmoreland Ave,32025,38.975,-77.01121,YES,NO,,,NO,6,9,399028.62364911,145231.02061742,
134705186,287,Carroll & Ethan Allen Ave,32026,38.977933,-77.006472,YES,NO,,,NO,3,12,399439.20704805,145556.57211519,
134705187,288,Battery Ln & Trolley Trail,32027,38.992375,-77.100104,YES,NO,,,NO,6,9,391327.8386053,147164.51103503,
134705188,289,Norfolk & Rugby Ave,32028,38.990639,-77.100239,YES,NO,,,NO,4,6,391315.93174708,146971.81066443,
134705189,290,Offutt Ln & Chevy Chase Dr,32029,38.977093,-77.094589,YES,NO,,,NO,5,6,391803.8534602,145467.55036065,
134705190,291,Broschart & Blackwell Rd,32030,39.102099,-77.200322,YES,NO,,,NO,7,8,382672.5405711,159359.37466242,
134705191,292,Taft St & E Gude Dr,32031,39.094103,-77.132954,YES,NO,,,NO,7,7,388498.44225283,158461.08173,
134705192,293,Fleet St & Ritchie Pkwy,32032,39.076331,-77.141378,YES,NO,,,NO,7,8,387766.64569552,156489.26883494,
134705193,294,Piccard & W Gude Dr,32033,39.102212,-77.177091,YES,NO,,,NO,14,5,384681.99807835,159367.76528288,
134705194,295,Ripley & Bonifant St,32034,38.992679,-77.029457,YES,NO,,,NO,8,7,397448.10582111,147193.91499269,
134705195,296,Georgia Ave & Spring St,32035,38.999388,-77.031555,YES,NO,,,NO,5,6,397266.61108519,147938.74232081,
134705196,297,Fenton St & Ellsworth Dr,32036,38.997033,-77.025608,YES,NO,,,NO,9,6,397781.68474404,147677.15218341,
134705197,298,King Farm Blvd & Pleasant Dr,32037,39.114688,-77.171487,YES,NO,,,NO,9,9,385169.33354228,160751.83427443,
134705198,299,King Farm Blvd & Piccard Dr,32038,39.110314,-77.182669,YES,NO,,,NO,15,0,384201.31311065,160268.14020717,
134705199,301,Calvert St & Woodley Pl NW,31121,38.923583,-77.050046,YES,NO,,,NO,5,13,395660.25194765,139524.3986898,
134705200,302,New Jersey Ave & N St NW/Dunbar HS,31636,38.90706,-77.015231,YES,NO,,,NO,0,19,398678.93496158,137689.1287794,
134705201,303,Nannie Helen Burroughs Ave & 49th St NE,31710,38.898536,-76.931862,YES,NO,,,NO,4,7,405910.67420774,136744.99164114,
134705202,304,Deanwood Rec Center,31711,38.908473,-76.933099,YES,NO,,,NO,8,7,405802.5614741,137847.99932996,
134705203,305,Hains Point/Buckeye & Ohio Dr SW,31273,38.878433,-77.03023,YES,NO,,,NO,9,8,397376.94021436,134511.63048068,
134705204,306,Arlington Blvd & Fillmore St,31070,38.873755,-77.089233,YES,NO,,,NO,4,6,392256.73815346,133995.68730513,
134705205,307,Long Bridge Park/Long Bridge Dr & 6th St S,31071,38.86646,-77.04826,YES,NO,,,NO,6,5,395811.77300147,133183.21065875,
134705206,308,Old Georgetown Rd & Southwick St,32039,38.999634,-77.109647,YES,NO,,,NO,6,12,390502.08229336,147971.28240078,
134705207,309,Friendship Blvd & Willard Ave,32040,38.96115,-77.088659,YES,NO,,,NO,13,6,392315.96955553,143697.21146898,
134705208,310,North Capitol St & G Pl NE,31637,38.899703,-77.008911,YES,NO,,,NO,11,8,399227.02220444,136872.3698297,
134705209,311,31st & Woodrow St S,31072,38.837666,-77.09482,YES,NO,,,NO,7,4,391767.76100852,129990.04042841,
134705210,312,Washington Blvd & Walter Reed Dr,31073,38.873219,-77.082104,YES,NO,,,NO,9,5,392875.30889503,133935.6067688,
134705211,313,TJ Cmty Ctr / 2nd St & S Old Glebe Rd,31074,38.869418,-77.095596,YES,NO,,,NO,4,11,391704.07999902,133514.80715931,
134705212,314,Connecticut Ave & Tilden St NW,31313,38.941154,-77.062036,YES,NO,,,NO,7,8,394621.86255124,141475.56998399,
134705213,315,Medical Center Dr & Key West Ave,32041,39.103091,-77.196442,YES,NO,,,NO,9,6,383008.38939989,159468.76971438,
134705214,316,Shady Grove Hospital,32042,39.097636,-77.196636,YES,NO,,,NO,8,11,382990.30463098,158863.23308023,
134705215,317,Veterans Pl & Pershing Dr,32043,38.997445,-77.023894,YES,NO,,,NO,6,5,397930.17345122,147722.84809045,
134705216,318,Rockville Metro East,32044,39.085394,-77.145803,YES,NO,,,NO,9,4,387385.36031083,157495.97307419,
134705217,319,1st & H St NW,31638,38.900358,-77.012108,YES,NO,,,NO,9,5,398949.71056005,136945.11200625,
134705218,320,Fort Totten Metro,31515,38.952369,-77.002721,YES,NO,,,NO,9,10,399764.14322203,142718.71185822,
134705219,321,Takoma Metro,31408,38.975219,-77.016855,YES,NO,,,NO,12,7,398539.47386044,145255.40691126,
134705220,322,Rhode Island Ave Metro,31516,38.920682,-76.995876,YES,NO,,,NO,7,12,400357.62798091,139201.18164889,
134705221,323,Rolfe St & 9th St S,31075,38.866471,-77.076131,YES,NO,,,NO,9,2,393392.99961931,133186.07966769,
134705222,324,Shirlington Transit Center / S Quincy & Randolph St,31076,38.839912,-77.087083,YES,NO,,,NO,11,4,392439.72224526,130238.69248395,
134705223,325,Shady Grove Metro West,32045,39.119765,-77.166093,YES,NO,,,NO,1,18,385636.84639948,161314.58449914,
134705224,326,River Rd & Landy Ln,32046,38.964992,-77.103381,YES,NO,,,NO,8,11,391040.50480235,144125.05115003,
134705225,327,Rockville Metro West,32047,39.084379,-77.146866,YES,NO,,,NO,3,16,387293.21007282,157383.44319069,
134705226,328,Bethesda Metro,32048,38.984691,-77.094537,YES,NO,,,NO,7,5,391809.23272994,146310.99720784,
134705227,329,Iwo Jima Memorial/N Meade & 14th St N,31077,38.88992,-77.071301,YES,NO,,,NO,6,12,393814.20236548,135788.75739915,
134705228,330,33rd & Water St NW,31314,38.903295,-77.065884,YES,NO,,,NO,12,6,394285.23169449,137273.13521197,
134705229,331,Duke St & John Carlyle St,31081,38.804378,-77.060866,YES,NO,,,NO,9,6,394713.17102609,126292.34142583,
134705230,332,Lee Hwy & N Cleveland St,31079,38.894941,-77.09169,YES,NO,,,NO,2,13,392045.89232185,136347.70672975,
134705231,333,Arlington Blvd & S George Mason Dr/NFATC,31078,38.869442,-77.104503,YES,NO,,,NO,2,9,390931.12467668,133518.31847561,
134705232,334,MLK Library/9th & G St NW,31274,38.898404,-77.024281,YES,NO,,,NO,15,7,397893.72512203,136728.4128293,
134705233,335,Lee Hwy & N Scott St,31080,38.897612,-77.080851,YES,NO,,,NO,3,12,392986.43793208,136643.32022975,
134705234,336,New Hampshire Ave & 24th St NW,31275,38.901755,-77.051084,YES,NO,,,NO,10,9,395568.88566438,137101.36038208,
134705235,337,Eisenhower Ave & Mill Race Ln,31082,38.801111,-77.068952,YES,NO,,,NO,8,6,394010.54617838,125930.1835293,
134705236,338,Potomac Greens Dr & Slaters Ln,31083,38.82175,-77.047494,YES,NO,,,NO,6,5,395875.6679074,128220.0552696,
134705237,339,Ballenger Ave & Dulaney St,31084,38.802677,-77.063562,YES,NO,,,NO,11,8,394478.86466732,126103.67942378,
134705238,340,Mount Vernon Ave & E Nelson Ave,31085,38.820064,-77.057619,YES,NO,,,NO,3,8,394996.30487652,128033.40446264,
134705239,341,Mount Vernon Ave & E Del Ray Ave,31086,38.82595,-77.058541,YES,NO,,,NO,8,7,394916.65642773,128686.84003154,
134705240,342,Monroe Ave & Leslie Ave,31087,38.820932,-77.053096,YES,NO,,,NO,8,7,395389.14299363,128129.51994126,
134705241,343,Mount Vernon Ave & Kennedy St,31088,38.833077,-77.059821,YES,NO,,,NO,11,4,394806.02748043,129478.05665833,
134705242,344,Court House Metro / 15th & N Uhle St,31089,38.890612,-77.084801,YES,NO,,,NO,15,6,392643.06650429,135866.57615407,
134705243,345,Washington Adventist U / Flower Ave & Division St,32049,38.986743,-77.000035,YES,NO,,,NO,7,8,399996.96765659,146534.54829125,
134705244,346,6th & S Ball St,31090,38.864702,-77.048672,YES,NO,,,NO,11,4,395775.91368285,132988.07874506,
134705245,347,McKinley St & Connecticut Ave NW,31315,38.96497,-77.075946,YES,NO,,,NO,8,11,393418.1513114,144120.27361911,
134705246,348,15th & L St NW,31276,38.90366,-77.034846,YES,NO,,,NO,13,10,396977.47844927,137312.16782257,
134705247,349,17th & G St NW,31277,38.89841,-77.039624,YES,NO,,,NO,18,13,396562.78460078,136729.54472867,
134705248,350,Spring St & Second Ave,32050,38.997653,-77.034499,YES,NO,,,NO,6,9,397011.52018405,147746.23200566,
134705249,351,18th & R St NW,31278,38.912648,-77.041834,YES,NO,,,NO,9,10,396371.80070351,138310.16380231,
134705250,352,S Joyce & 16th St S,31091,38.859254,-77.063275,YES,NO,,,NO,7,8,394508.14728183,132384.08827775,
134705251,353,Union Market/6th St & Neal Pl NE,31517,38.908008,-76.996985,YES,NO,,,NO,9,14,400261.5033925,137794.25863345,
134705252,354,Lee Hwy & N Monroe St,31092,38.896456,-77.104562,YES,NO,,,NO,5,10,390929.4393853,136517.08391716,
134705253,355,21st St N & N Pierce St,31093,38.898984,-77.078317,YES,NO,,,NO,6,9,393206.38482175,136795.43149257,
134705254,356,Lee Hwy & N Kirkwood Rd,31094,38.895377,-77.09713,YES,NO,,,NO,12,3,391574.02398088,136396.59421225,
134705255,357,19th & G St NW,31279,38.898412,-77.043182,YES,NO,,,NO,19,3,396254.14318763,136729.90672594,
134705256,359,Wilson Blvd & N Illinois St,31902,38.876528,-77.12712,YES,NO,,,NO,8,7,388969.49519692,134307.40677263,
134705257,364,Army Navy Dr & S Nash St,31095,38.862467,-77.068242,YES,NO,,,NO,6,5,394077.31113834,132741.06505583,
134705258,367,11th & S St NW,31280,38.913761,-77.027025,YES,NO,,,NO,1,22,397656.19931508,138433.23161638,
134705259,368,S Walter Reed Dr & 8th St S,31096,38.86612,-77.08787,YES,NO,,,NO,11,4,392374.19768093,133148.03121274,
134705260,369,2nd & G St NE,31639,38.89967,-77.003666,YES,NO,,,NO,21,2,399681.99552091,136868.67522408,
134705261,370,8th & O St NW,31281,38.90864,-77.02277,YES,NO,,,NO,0,19,398025.08145063,137864.65778749,
134705262,371,Georgia & Missouri Ave NW,31411,38.961339,-77.027855,YES,NO,,,NO,5,13,397585.82737487,143714.82919728,
134705263,373,Oklahoma Ave & D St NE,31712,38.894474,-76.974828,YES,NO,,,NO,10,8,402183.685683,136292.1725555,
134705264,374,Maryland Ave & E St NE,31640,38.896134,-76.9929,YES,NO,,,NO,2,17,400615.91481674,136476.16859309,
134705265,375,New York Ave & Hecht Ave NE,31518,38.915604,-76.983683,YES,NO,,,NO,4,19,401415.09002301,138637.59947305,
134705266,376,Yuma St & Tenley Circle NW,31316,38.946182,-77.08059,YES,NO,,,NO,12,7,393013.83863539,142034.97914405,
134705267,377,Connecticut Ave & Chevy Chase Lake Dr,32051,38.994113,-77.076986,YES,NO,,,NO,6,9,393330.74818065,147355.50381716,
134705268,378,Key West Ave & Siesta Key Way,32052,39.105295,-77.194774,YES,NO,,,NO,8,7,383153.18792963,159713.13218025,
134705269,379,Lee Hwy & N Woodstock St,31900,38.898301,-77.118009,YES,NO,,,NO,5,14,389763.20231192,136723.31546751,
134705270,380,Saint Asaph & Madison St,31097,38.812718,-77.044097,YES,NO,,,NO,10,5,396170.17569938,127217.29681658,
134705271,381,King St Metro North / Cameron St,31098,38.80704,-77.059817,YES,NO,,,NO,5,10,394804.48092072,126587.77988315,
134705272,382,Madison & N Henry St,31099,38.813485,-77.049468,YES,NO,,,NO,8,7,395703.75054801,127302.6777771,
134705273,383,Medical Center Metro,32053,38.999378,-77.097882,YES,NO,,,NO,4,12,391521.16731482,147941.70542165,
134705274,384,Washington Blvd & N Frederick St,31901,38.884829,-77.127671,YES,NO,,,NO,4,7,388922.97236949,135228.94699865,
134705275,385,Wisconsin Ave & Ingomar St NW,31317,38.958267,-77.084636,YES,NO,,,NO,6,13,392664.34410016,143376.84095484,
134705276,386,16th & Irving St NW,31122,38.928893,-77.03625,YES,NO,,,NO,11,8,396856.808607,140113.28859173,
134705277,387,16th & R St NW,31282,38.912652,-77.036278,YES,NO,,,NO,5,14,396853.66429606,138310.40167951,
134705278,388,Lyttonsville Rd & Lyttonsville Pl,32054,38.999679,-77.051168,YES,NO,,,NO,7,7,395567.69234355,147971.8160368,
134705279,389,Woodmont Ave & Strathmore St,32055,38.979875,-77.093522,YES,NO,,,NO,6,5,391896.62547178,145776.283872,
134705280,390,14th & L St NW,31283,38.903658,-77.031737,YES,NO,,,NO,17,2,397247.15119261,137311.8474609,
134705281,391,1st & O St NW,31519,38.908643,-77.012365,YES,NO,,,NO,1,14,398927.54207227,137864.81714313,
134705282,392,South Capitol & Atlantic St SW,31811,38.831516,-77.008133,YES,NO,,,NO,7,12,399293.83485771,129303.10478708,
134705283,393,18th & C St NW,31284,38.893511,-77.041544,YES,NO,,,NO,12,6,396395.98519699,136185.79095053,
134705284,394,22nd & P ST NW,31285,38.909394,-77.048728,YES,NO,,,NO,11,8,395773.70179205,137949.23962405,
134705285,395,East West Hwy & 16th St,32056,38.995681,-77.038721,YES,NO,,,NO,5,14,396645.69611866,147527.46678748,
134705286,396,Royal & Wilkes St,31903,38.799267,-77.0447,YES,NO,,,NO,12,2,396117.07402725,125724.17677004,
134705287,397,14th & Girard St NW,31123,38.925284,-77.032375,YES,NO,,,NO,3,20,397192.66283204,139712.53240828,
134705288,398,Potomac Ave & Main Line Blvd,31910,38.822738,-77.049265,YES,NO,,,NO,7,12,395721.93521693,128329.81125103,
134705289,399,11th & O St NW,31286,38.90843,-77.02714,YES,NO,,,NO,9,10,397646.04975824,137841.44968105,
134705290,400,10th St & L'Enfant Plaza SW,31287,38.884377,-77.025791,YES,NO,,,NO,5,18,397762.29904386,135171.34175438,
134705291,401,Connecticut Ave & Yuma St NW,31318,38.947156,-77.065115,YES,NO,,,NO,12,6,394355.40758835,142142.03129017,
134705292,402,2nd St & Massachusetts Ave NE,31641,38.894972,-77.003135,YES,NO,,,NO,9,14,399728.03881641,136347.15809919,
134705293,403,Radford & Osage St,31908,38.828437,-77.086031,YES,NO,,,NO,13,10,392529.85317524,128964.8036433,
134705294,404,East Falls Church Metro/Sycamore St & 19th St N,31904,38.884859,-77.155988,YES,NO,,,NO,12,6,386466.13262254,135236.09428263,
134705295,405,Kennebec St & 11th St N,31905,38.880992,-77.135271,YES,NO,,,NO,10,5,388262.94832495,134803.96063251,
134705296,406,Commonwealth Ave & Oak St,31906,38.812711,-77.061715,YES,NO,,,NO,8,11,394640.05213358,127217.4065506,
134705297,407,Commonwealth & E Monroe Ave,31913,38.820058,-77.062821,YES,NO,,,NO,6,9,394544.55728453,128033.03642625,
134705298,408,4th St & Madison Dr NW,31288,38.890493,-77.017253,YES,NO,,,NO,8,11,398503.20865538,135850.09061145,
134705299,409,Henry Bacon Dr & Lincoln Memorial Circle NW,31289,38.890544,-77.049379,YES,NO,,,NO,1,18,395716.10712295,135856.76917174,
134705300,410,17th St & Independence Ave SW,31290,38.888097,-77.038325,YES,NO,,,NO,3,16,396674.98675895,135584.67242635,
134705301,411,Franklin & S Washington St,31907,38.798133,-77.0487,YES,NO,,,NO,11,8,395769.54149325,125598.47353608,
134705302,412,Mount Vernon Ave & Four Mile Run Park,31909,38.843422,-77.064016,YES,NO,,,NO,7,8,394442.60095851,130626.66931776,
134705303,413,New Jersey Ave & L St NW,31642,38.903598,-77.01397,YES,NO,,,NO,11,12,398788.24933635,137304.80117123,
134705304,414,Mount Vernon Ave & Bruce St,31912,38.841291,-77.063093,YES,NO,,,NO,7,8,394522.56553515,130390.05783003,
134705305,415,Lee Center,31914,38.797557,-77.053766,YES,NO,,,NO,9,6,395329.43195741,125534.78097568,
134705306,416,Powhatan St & Bashford Ln,31915,38.818748,-77.047783,YES,NO,,,NO,7,8,395850.39700673,127886.82678479,
134705307,417,Potomac & Swann Ave,31916,38.829545,-77.047844,YES,NO,,,NO,10,9,395845.72775465,129085.36771264,
134705308,418,14th & Irving St NW,31124,38.928552,-77.032224,YES,NO,,,NO,13,18,397205.88456877,140075.30373809,
134705309,419,16th & K St NW,31291,38.90268,-77.035737,YES,NO,,,NO,8,15,396900.15104952,137203.40979111,
134705310,420,Wisconsin Ave & Brandywine St NW,31319,38.949813,-77.080217,YES,NO,,,NO,7,17,393046.52732614,142438.02422189,
134705311,421,24th & R St NE / National Arboretum,31520,38.91263,-76.971923,YES,NO,,,NO,13,6,402435.07623743,138307.70879166,
134705312,422,Division Ave & Foote St NE,31713,38.897407,-76.925907,YES,NO,,,NO,7,8,406427.34608733,136620.06609604,
134705313,423,16th & Q St SE / Anacostia HS,31812,38.870695,-76.982359,YES,NO,,,NO,12,11,401530.8771481,133652.36788743,
134705314,424,Spring Hill Metro,32200,38.929261,-77.240654,YES,NO,,,NO,6,9,379133.32906395,140181.01997978,
134705315,425,Westpark Dr & Leesburg Pike,32201,38.92403,-77.235955,YES,NO,,,NO,8,3,379539.26898978,139599.2725456,
134705316,426,Solutions & Greensboro Dr,32202,38.923116,-77.232108,YES,NO,,,NO,3,8,379872.60115444,139496.95590077,
134705317,429,Westpark & Jones Branch Dr,32205,38.924437,-77.217664,YES,NO,,,NO,6,5,381125.46936865,139640.51216859,
134705318,430,Jones Branch & Westbranch Dr,32206,38.931911,-77.219261,YES,NO,,,NO,9,4,380988.98002738,140470.51937627,
134705319,431,Westpark & Park Run Dr,32207,38.928919,-77.225394,YES,NO,,,NO,4,7,380456.39941172,140139.67762131,
134705320,432,Tysons West Transit Center,32208,38.932636,-77.231825,YES,NO,,,NO,5,6,379899.82535415,140553.69184941,
134705321,434,Town Center Pkwy & Bowman Towne Dr,32210,38.962524,-77.361902,YES,NO,,,NO,8,6,368634.8195974,143908.17868719,
134705322,435,Reston Regional Library,32211,38.962095,-77.358815,YES,NO,,,NO,8,7,368902.1739327,143859.49993933,
134705323,436,New Dominion Pkwy & Fountain Dr,32212,38.960574,-77.356324,YES,NO,,,NO,6,9,369117.40410412,143689.81045718,
134705324,437,Sunset Hills & Old Reston Ave,32213,38.955079,-77.351649,YES,NO,,,NO,9,6,369520.23453313,143078.24814447,
134705325,438,Reston Town Center Transit Station,32214,38.957037,-77.359718,YES,NO,,,NO,10,7,368821.70051475,143298.32745781,
134705326,439,1st & D St SE,31643,38.884916,-77.005965,YES,NO,,,NO,8,11,399482.46343538,135230.87572136,
134705327,440,Reston Station,32215,38.948363,-77.338119,YES,NO,,,NO,10,24,370690.20310024,142328.28566882,
134705328,441,Library St & Freedom Dr,32216,38.959633,-77.358741,YES,NO,,,NO,15,4,368907.51332443,143586.17197497,
134705329,443,22nd St & Constitution Ave NW,31292,38.892441,-77.048947,YES,NO,,,NO,6,17,395753.69834411,136067.33084543,
134705330,444,61st St & Banks Pl NE,31714,38.891805,-76.913563,YES,NO,,,NO,8,11,407498.73967816,135999.14156768,
134705331,445,Temporary Rd & Old Reston Ave,32218,38.960084,-77.353414,YES,NO,,,NO,9,6,369369.40191424,143634.4358956,
134705332,446,Reston YMCA,32219,38.955314,-77.368416,YES,NO,,,NO,9,6,368067.03974401,143110.06678211,
134705333,448,N Lynn St & Fairfax Dr,31917,38.89386,-77.070862,YES,NO,,,NO,4,11,393852.62779737,136226.09856392,
134705334,450,Greensboro & International Dr,32221,38.923083,-77.227417,YES,NO,,,NO,7,4,380279.37434818,139492.26880639,
134705335,451,Madison & Fairfax St,31918,38.812351,-77.040691,YES,NO,,,NO,14,1,396465.96860825,127176.42009605,
134705336,452,Sligo Ave & Carroll Ln,32058,38.990874,-77.016311,YES,NO,,,NO,8,7,398586.92327584,146993.256491,
134705337,454,12th St & Pennsylvania Ave SE,31644,38.882489,-76.990121,YES,NO,,,NO,13,6,400857.15299711,134961.48951302,
